{"cameraMode":{"drawMode":0,"name":"Shaded","section":"Shading Mode"},"sceneLighting":true,"audioPlay":false,"sceneViewState":{"showFog":true,"showMaterialUpdate":false,"showSkybox":true,"showFlares":true,"showImageEffects":true,"showParticleSystems":true},"in2DMode":false,"pivot":{"x":0.40686118602752688,"y":0.7201740145683289,"z":2.1240005493164064},"rotation":{"x":0.2812596261501312,"y":0.5131299495697022,"z":-0.18266870081424714,"w":0.7900792956352234},"size":6.250990390777588,"orthographic":false}