{"cameraMode":{"drawMode":0,"name":"Shaded","section":"Shading Mode"},"sceneLighting":true,"audioPlay":false,"sceneViewState":{"showFog":true,"showMaterialUpdate":false,"showSkybox":true,"showFlares":true,"showImageEffects":true,"showParticleSystems":true},"in2DMode":false,"pivot":{"x":83.8817138671875,"y":87.68805694580078,"z":41.334903717041019},"rotation":{"x":-0.07073792070150376,"y":-0.018854210153222085,"z":0.0013373714173212648,"w":-0.9973171353340149},"size":130.21835327148438,"orthographic":false}