{"cameraMode":{"drawMode":0,"name":"Shaded","section":"Shading Mode"},"sceneLighting":true,"audioPlay":false,"sceneViewState":{"showFog":true,"showMaterialUpdate":false,"showSkybox":true,"showFlares":true,"showImageEffects":true,"showParticleSystems":true},"in2DMode":false,"pivot":{"x":22.505197525024415,"y":5.366281986236572,"z":8.734790802001954},"rotation":{"x":0.363698810338974,"y":-0.018167443573474885,"z":0.007094667758792639,"w":0.9313130974769592},"size":23.47394561767578,"orthographic":false}