{"cameraMode":{"drawMode":0,"name":"Shaded","section":"Shading Mode"},"sceneLighting":true,"audioPlay":false,"sceneViewState":{"showFog":true,"showMaterialUpdate":false,"showSkybox":true,"showFlares":true,"showImageEffects":true,"showParticleSystems":true},"in2DMode":false,"pivot":{"x":-3.1938414573669435,"y":7.757167339324951,"z":0.1871938705444336},"rotation":{"x":0.07106499373912811,"y":0.9258291125297546,"z":-0.22010931372642518,"w":0.2989194989204407},"size":8.122542381286621,"orthographic":false}