{"cameraMode":{"drawMode":0,"name":"Shaded","section":"Shading Mode"},"sceneLighting":true,"audioPlay":false,"sceneViewState":{"showFog":true,"showMaterialUpdate":true,"showSkybox":true,"showFlares":true,"showImageEffects":true,"showParticleSystems":true},"in2DMode":false,"pivot":{"x":42.916099548339847,"y":4.047670364379883,"z":-30.364238739013673},"rotation":{"x":0.23445694148540498,"y":0.3051852881908417,"z":-0.07781100273132324,"w":0.9197190403938294},"size":68.60751342773438,"orthographic":false}