{"cameraMode":{"drawMode":0,"name":"Shaded","section":"Shading Mode"},"sceneLighting":true,"audioPlay":false,"sceneViewState":{"showFog":true,"showMaterialUpdate":true,"showSkybox":true,"showFlares":true,"showImageEffects":true,"showParticleSystems":true},"in2DMode":false,"pivot":{"x":-12.259583473205567,"y":18.28847885131836,"z":49.29984664916992},"rotation":{"x":0.18612045049667359,"y":0.0052993991412222389,"z":-0.0010137659264728428,"w":0.9825400114059448},"size":5.00676965713501,"orthographic":false}